<?xml version="1.0" encoding="UTF-8"?>
<project-private xmlns="http://www.netbeans.org/ns/project-private/1">
    <editor-bookmarks xmlns="http://www.netbeans.org/ns/editor-bookmarks/2" lastBookmarkId="0"/>
    <open-files xmlns="http://www.netbeans.org/ns/projectui-open-files/2">
        <group name="actividad 12">
            <file>file:/C:/Users/chane/Documents/TRABAJOS%20UNI/QUINTO/GVCProyecto/src/gvcproyecto/GVCProyecto.java</file>
            <file>file:/C:/Users/chane/Documents/TRABAJOS%20UNI/QUINTO/GVCProyecto/src/gvcproyecto/Vista/Splash.java</file>
            <file>file:/C:/Users/chane/Documents/TRABAJOS%20UNI/QUINTO/GVCProyecto/src/gvcproyecto/Modelo/ImagenFondo.java</file>
        </group>
    </open-files>
</project-private>
